# Day in year,Hollandsche IJssel,Lek,Waal,Maas,Haringvliet
234,2,20,578.2596429,35.91,0
235,2,20,567.0479911,35.16,0
236,2,20,563.6920089,35.04,0
237,2,20,571.1970536,35.12,0
238,2,20,574.3860714,34.98,0
239,2,20,568.1416071,34.69,0
240,2,20,557.1136161,34.3,0
241,2,20,545.2675,33.85,0
242,2,20,545.7183036,69.43,0
243,2,20,579.0777679,117.41,0
