# Day in year,Hollandsche IJssel,Lek,Waal,Maas,Haringvliet
246,2,20,536.969375,37.19,0
247,2,20,534.0391518,36.73,0
248,2,20,520.4816518,36.14,0
249,2,20,507.3248661,35.68,0
250,2,20,497.6158929,35.7,0
251,2,20,500.6045536,36.2,0
252,2,20,505.3880804,36.82,0
253,2,20,508.2765625,38.12,0
254,2,20,512.3421429,39.19,0
255,2,20,521.7672768,40.72,0
