# Day in year,Hollandsche IJssel,Lek,Waal,Maas,Haringvliet,Lobith
234,0,76.68316832,1234.460396,136,116.7821782,1705
235,0,55.57425743,1207.121782,28,93.81980198,1653
236,0,39.33663366,1186.092079,18,76.15643564,1613
237,0,27.14595376,1113.49422,31,58.46531792,1511
238,0,24.65317919,1060.647399,31,51.88439306,1442
239,0,26.56791908,1101.239884,77,56.93930636,1495
240,0,46.23762376,1195.029703,47,83.66336634,1630
241,0,90.89108911,1252.861386,42,132.2376238,1740
242,0,80.74257426,1239.717822,12,121.1980198,1715
