# Day in year,Hollandsche IJssel,Lek,Waal,Maas,Haringvliet,Lobith
246,2,5,521.969375,37.19,0,754.22
247,2,5,519.0391518,36.73,0,750.71
248,2,5,505.4816518,36.14,0,734.47
249,2,5,492.3248661,35.68,0,718.71
250,2,5,482.6158929,35.7,0,707.08
251,2,5,485.6045536,36.2,0,710.66
252,2,5,490.3880804,36.82,0,716.39
253,2,5,493.2765625,38.12,0,719.85
254,2,5,497.3421429,39.19,0,724.72
255,2,5,506.7672768,40.72,0,736.01
