# Day in year,Hollandsche IJssel,Lek,Waal,Maas,Haringvliet
246,2,20,370.4225,32.49,0
247,2,20,366.4153571,32.5,0
248,2,20,369.4374107,32.51,0
249,2,20,372.4761607,32.58,0
250,2,20,374.3712054,32.78,0
251,2,20,376.1577232,33.07,0
252,2,20,377.0593304,33.12,0
253,2,20,376.3413839,33.01,0
254,2,20,375.4648214,32.86,0
255,2,20,373.5948214,32.7,0
