# Day in year,Hollandsche IJssel,Lek,Waal,Maas,Haringvliet
248,2,20,480.9445089,30.95,0
249,2,20,470.3923661,30.48,0
250,2,20,467.4704911,30.14,0
251,2,20,465.09125,30.15,0
252,2,20,463.9892857,29.79,0
253,2,20,464.4150446,29.42,0
254,2,20,465.5754464,29.73,0
255,2,20,473.4227679,32.25,0
256,2,20,482.4388393,35.03,0
257,2,20,482.271875,38.44,0
